rank,name,name_ascii,institution,country,gb_rank,leg_rank,n2p1_rank,tp_rank,member_problems,arxiv_papers,openalex_works,openalex_citations,zbmath_papers,overall_h_index,h_index_source,first_active_year,last_active_year,birth_year,doctoral_advisor,orcid,wikidata_id
1,Janos Pintz,Janos Pintz,Alfréd Rényi Institute of Mathematics,HU,3,2,13,1,gb+leg+n2p1+tp,24,51,1277,,26,openalex,1981,2025,,,,
2,Henryk Iwaniec,Henryk Iwaniec,Rutgers University,US,8,17,1,3,gb+leg+n2p1+tp,1,1,0,,50,openalex,1972,2022,,,,
3,D. R. Heath-Brown,D. R. Heath-Brown,University of Oxford,GB,4,4,4,17,gb+leg+n2p1+tp,1,18,617,,45,openalex,1978,2021,,,,
4,Terence Tao,Terence Tao,"University of California, Los Angeles",US,7,3,28,5,gb+leg+n2p1+tp,12,14,333,,101,openalex,2004,2026,,,,
5,John B. Friedlander,John B. Friedlander,University of Toronto,CA,27,8,2,7,gb+leg+n2p1+tp,4,1,0,,34,openalex,1991,2022,,,,
6,Kaisa Matomäki,Kaisa Matomaki,University of Turku,FI,29,1,23,8,gb+leg+n2p1+tp,17,29,458,,16,openalex,2007,2024,,,,
7,Glyn Harman,Glyn Harman,Royal Holloway University of London,GB,9,6,5,23,gb+leg+n2p1+tp,1,12,805,,19,openalex,1981,2024,,,,
8,Daniel A. Goldston,Daniel A. Goldston,San Jose State University,US,12,7,,2,gb+leg+tp,21,40,652,,21,openalex,1984,2023,,,,
9,R. C. Vaughan,R. C. Vaughan,Pennsylvania State University,US,1,,19,13,gb+n2p1+tp,,15,874,,35,openalex,1972,2026,,,,
10,James Maynard,James Maynard,University of Oxford,GB,35,12,20,6,gb+leg+n2p1+tp,11,11,408,,11,openalex,2012,2024,,,,
11,Etienne Fouvry,Etienne Fouvry,University of Paris-Saclay,FR,38,18,10,11,gb+leg+n2p1+tp,2,3,42,,28,openalex,1976,2022,,,,
12,Carl Pomerance,Carl Pomerance,Dartmouth College,US,50,11,11,19,gb+leg+n2p1+tp,2,4,10,,39,openalex,1989,2026,,,,
13,Trevor D. Wooley,Trevor D. Wooley,Purdue University West Lafayette,US,2,80,61,,gb+leg+n2p1+tp,28,46,674,,28,openalex,1999,2020,,,,
14,M. Ram Murty,M. Ram Murty,Queen's University,CA,60,,3,16,gb+n2p1+tp,,10,112,,25,openalex,2005,2023,,,,
15,Hugh Lowell Montgomery,Hugh Lowell Montgomery,University of Michigan,US,11,58,37,10,gb+leg+n2p1+tp,1,5,208,,32,openalex,1971,2026,,,,
16,Andrew Granville,Andrew Granville,Université de Montréal,CA,17,29,30,14,gb+leg+n2p1+tp,4,14,288,,32,openalex,1989,2024,,,,
17,Jörg Brüdern,Jorg Brudern,University of Göttingen,DE,5,33,35,73,gb+leg+n2p1+tp,5,40,455,,19,openalex,1993,2023,,,,
18,Runbo Li,Runbo Li,The High School Affiliated to Renmin University of China,CN,84,9,16,55,gb+leg+n2p1+tp,5,14,5,,,,2023,2026,,,,
19,K. Soundararajan,K. Soundararajan,Stanford University,US,68,14,54,15,gb+leg+n2p1+tp,12,15,438,,33,openalex,2004,2021,,,,
20,Paul Pollack,Paul Pollack,University of Georgia,US,,26,12,25,gb+leg+n2p1+tp,6,7,80,,13,openalex,2008,2020,,,,
21,Stephan Baier,Stephan Baier,Ramakrishna Mission Vivekananda Educational and Research Institute,IN,,23,6,58,leg+n2p1+tp,5,1,10,,14,openalex,2000,2026,,,,
22,Jie Wu,Jie Wu,Université Paris-Est Créteil Val-de-Marne,FR,36,25,15,35,gb+leg+n2p1+tp,4,7,56,,19,openalex,1990,2019,,,,
23,Joni Teräväinen,Joni Teravainen,University of Cambridge,GB,54,13,21,50,gb+leg+n2p1+tp,11,11,65,,9,openalex,2016,2026,,,,
24,Alessandro Zaccagnini,Alessandro Zaccagnini,University of Parma,IT,26,5,,,gb+leg+tp,14,19,123,,14,openalex,1992,2026,,,,
25,Yoichi Motohashi,Yoichi Motohashi,Nihon University,JP,,70,8,22,leg+n2p1+tp,4,7,88,,19,openalex,1970,2025,,,,
26,Angel Kumchev,Angel Kumchev,Towson University,US,10,47,34,85,gb+leg+n2p1+tp,6,16,288,,12,openalex,1996,2022,,,,
27,Emmanuel Kowalski,Emmanuel Kowalski,ETH Zurich,CH,40,53,32,20,gb+leg+n2p1+tp,2,5,75,,29,openalex,2004,2015,,,,
28,Kevin Ford,Kevin Ford,University of Illinois Urbana-Champaign,US,82,24,25,31,gb+leg+n2p1+tp,5,1,9,,,,2000,2026,,,,
29,Peter D. T. A. Elliott,Peter D. T. A. Elliott,University of Colorado Boulder,US,99,,14,18,gb+n2p1+tp,,1,3,,19,openalex,1999,2003,,,,
30,Alessandro Languasco,Alessandro Languasco,University of Padua,IT,19,10,,,gb+leg+tp,13,26,140,,12,openalex,1994,2021,,,,
31,Yitang Zhang,Yitang Zhang,"University of California, Santa Barbara",US,59,,,4,gb+tp,,2,464,,,,2014,2017,,,,
32,Roger C. Baker,Roger C. Baker,Brigham Young University,US,13,27,,30,gb+leg+tp,6,13,97,,34,openalex,1982,2016,,,,
33,Alberto Perelli,Alberto Perelli,University of Genoa,IT,22,32,62,40,gb+leg+n2p1+tp,1,17,265,,20,openalex,1982,2019,,,,
34,Igor E. Shparlinski,Igor E. Shparlinski,University of New South Wales,AU,37,,7,,gb+n2p1,13,1,10,,42,openalex,2005,2026,,,,
35,Cem Yalçın Yıldırım,Cem Yalcin Yildirim,Boğaziçi University,TR,96,61,,9,gb+leg+tp,10,17,400,,,,1998,2020,,,,
36,Jianya Liu,Jianya Liu,Shandong University,CN,6,62,,,gb+leg,2,,,,14,openalex,1996,2026,,,,
37,Enrico Bombieri,Enrico Bombieri,Institute for Advanced Study,US,23,,,12,gb+tp,,1,21,,42,openalex,1974,1974,,,,
38,William D. Banks,William D. Banks,University of Missouri,US,71,51,43,27,gb+leg+n2p1+tp,11,17,100,,21,openalex,2005,2026,,,,
39,Gérald Tenenbaum,Gerald Tenenbaum,Institut Élie Cartan de Lorraine,FR,85,,18,24,gb+n2p1+tp,1,5,121,,30,openalex,1990,2018,,,,
40,Chaohua Jia,Chaohua Jia,Chinese Academy of Sciences,CN,39,21,,67,gb+leg+tp,1,7,68,,11,openalex,1989,2022,,,,
41,Hongze Li,Hongze Li,Shanghai Jiao Tong University,CN,14,54,,65,gb+leg+tp,2,,,,,,1994,2026,,,,
42,Antal Balog,Antal Balog,Alfréd Rényi Institute of Mathematics,HU,41,67,44,61,gb+leg+n2p1+tp,1,7,156,,18,openalex,1984,2011,,,,
43,Harold G. Diamond,Harold G. Diamond,University of Illinois Urbana-Champaign,US,,31,27,,leg+n2p1+tp,,1,16,,19,openalex,1996,1997,,,,
44,S. W. Graham,S. W. Graham,Central Michigan University,US,79,78,53,26,gb+leg+n2p1+tp,2,3,76,,15,openalex,2004,2020,,,,
45,Jean‐Marc Deshouillers,JeanMarc Deshouillers,University of Bordeaux,FR,34,,29,49,gb+n2p1+tp,1,4,78,,16,openalex,1968,2025,,,,
46,Ben Green,Ben Green,University of Oxford,GB,24,86,,29,gb+leg+tp,12,2,22,,32,openalex,2004,2025,,,,
47,Jesse Thorner,Jesse Thorner,University of Illinois Urbana-Champaign,US,,20,83,62,leg+n2p1+tp,8,8,79,,9,openalex,2014,2021,,,,
48,Efthymios Sofos,Efthymios Sofos,University of Rome Tor Vergata,IT,,,9,,n2p1,5,4,4,,7,openalex,2018,2026,,,,
49,Hao Pan,Hao Pan,Nanjing University of Finance and Economics,CN,63,69,40,64,gb+leg+n2p1+tp,2,4,27,,17,openalex,2007,2026,,,,
50,Doychin Tolev,Doychin Tolev,Sofia University,BG,30,,36,83,gb+n2p1+tp,7,18,131,,10,openalex,1992,2017,,,,
51,Jori Merikoski,Jori Merikoski,University of Helsinki,FI,93,44,57,76,gb+leg+n2p1+tp,4,6,10,,2,openalex,2016,2025,,,,
52,Sergey Konyagin,Sergey Konyagin,Steklov Mathematical Institute,RU,,46,39,56,leg+n2p1+tp,4,8,89,,28,openalex,2015,2024,,,,
53,Ofir Gorodetsky,Ofir Gorodetsky,Technion - Israel Institute of Technology,IL,,15,,,leg+tp,7,7,33,,5,openalex,2018,2024,,,,
54,Wenguang Zhai,Wenguang Zhai,China University of Mining and Technology (Beijing),CN,56,49,55,,gb+leg+n2p1,,14,40,,13,openalex,1998,2026,,,,
55,M. N. Huxley,M. N. Huxley,Cardiff University,GB,33,75,,45,gb+leg+tp,,6,337,,,,1972,1978,,,,
56,Alexandru Zaharescu,Alexandru Zaharescu,University of Illinois Urbana-Champaign,US,80,36,59,,gb+leg+n2p1,6,12,71,,24,openalex,2008,2025,,,,
57,Xuancheng Shao,Xuancheng Shao,University of Kentucky,US,43,39,,77,gb+leg+tp,3,5,29,,10,openalex,2012,2025,,,,
58,Brad Rodgers,Brad Rodgers,Queen's University,CA,,16,,,leg+tp,7,7,48,,8,openalex,2020,2022,,,,
59,Cameron L. Stewart,Cameron L. Stewart,University of Waterloo,CA,,38,49,,gb+leg+n2p1,,,,,20,openalex,1985,2021,,,,
60,Koichi Kawada,Koichi Kawada,Iwate University,JP,16,,64,,gb+n2p1,,14,166,,9,openalex,1993,2019,,,,
61,Guangshi Lü,Guangshi Lu,Shandong University,CN,21,57,,,gb+leg,,10,61,,,,2003,2018,,,,
62,Jiseong Kim,Jiseong Kim,University of Mississippi,US,,19,,,gb+leg,5,,,,20,openalex,2021,2026,,,,
63,Yu-Chen Sun,Yu-Chen Sun,University of Turku,FI,,22,,66,leg+tp,4,,,,,,2018,2022,,,,
64,Helmut Maier,Helmut Maier,University of Ulm,DE,,48,,33,gb+leg+tp,1,8,196,,18,openalex,1981,2023,,,,
65,András Sárközy,Andras Sarkozy,Eötvös Loránd University,HU,55,,26,,gb+n2p1,,,,,31,openalex,1978,2020,,,,
66,H. A. Helfgott,H. A. Helfgott,Université Paris Cité,FR,44,,47,,gb+n2p1+tp,6,8,219,,19,openalex,2003,2015,,,,
67,Adolf Hildebrand,Adolf Hildebrand,University of Illinois Urbana-Champaign,US,94,43,,53,gb+leg+tp,,6,286,,,,1989,1996,,,,
68,Alexander K. Zvonkin,Alexander K. Zvonkin,University of Bordeaux,FR,,,17,,n2p1,5,7,5,,12,openalex,2020,2026,,,,
69,Stephan Ramon Garcia,Stephan Ramon Garcia,Pomona College,US,,,24,79,n2p1+tp,4,6,39,,27,openalex,2017,2024,,,,
70,Peter Sarnak,Peter Sarnak,Princeton University,US,,,22,,n2p1+tp,1,2,3,,57,openalex,1993,2024,,,,
71,Imre Z. Ruzsa,Imre Z. Ruzsa,Alfréd Rényi Institute of Mathematics,HU,48,,70,,gb+n2p1+tp,2,3,18,,33,openalex,1989,2020,,,,
72,Timothy S. Trudgian,Timothy S. Trudgian,UNSW Canberra,AU,73,79,76,,gb+leg+n2p1,2,1,1,,,,2013,2026,,,,
73,Lilu Zhao,Lilu Zhao,University of Science and Technology of China,CN,32,,67,,gb+n2p1,3,10,123,,,,2013,2020,,,,
74,Régis de la Bretèche,Regis de la Breteche,Université Paris Cité,FR,,76,73,97,leg+n2p1+tp,3,5,9,,14,openalex,2006,2025,,,,
75,Tao Zhan,Tao Zhan,Shandong University,CN,15,,,,gb,,9,147,,17,openalex,1991,2007,,,,
76,Tristan Freiberg,Tristan Freiberg,University of Waterloo,CA,,41,,57,leg+tp,6,6,52,,4,openalex,2010,2026,,,,
77,Melvyn B. Nathanson,Melvyn B. Nathanson,"Lehman College, CUNY",US,53,,,32,gb+tp,1,2,3,,,,1981,1996,,,,
78,Mayank Pandey,Mayank Pandey,Princeton University,US,,34,,,gb+leg,3,,,,,,2016,2023,,,,
79,S. Salerno,S. Salerno,University of Salerno,IT,,71,51,,leg+n2p1,,4,28,,,,1982,1994,,,,
80,Jinjiang Li,Jinjiang Li,China University of Mining and Technology (Beijing),CN,18,,,,gb,14,34,42,,6,openalex,2017,2026,,,,
81,Imre Kátai,Imre Katai,Eötvös Loránd University,HU,,,33,,gb+n2p1,,1,0,,15,openalex,1967,2015,,,,
82,Jerzy Kaczorowski,Jerzy Kaczorowski,Adam Mickiewicz University in Poznań,PL,,35,,,gb+leg,1,5,27,,19,openalex,1993,2019,,,,
83,Efrat Bank,Efrat Bank,Tel Aviv University,IL,,28,,,leg,5,4,48,,3,openalex,2017,2019,,,,
84,Roger A. Horn,Roger A. Horn,University of Utah,US,,,,21,tp,,,,,37,openalex,,,,,,
85,Michael Th. Rassias,Michael Th. Rassias,Hellenic Military Academy,GR,,55,,,gb+leg+tp,3,10,21,,24,openalex,2015,2024,,,,
86,Lasse Grimmelt,Lasse Grimmelt,University of Cambridge,GB,75,,87,87,gb+n2p1+tp,1,1,0,,2,openalex,2018,2026,,,,
87,Tianze Wang,Tianze Wang,Henan Academy of Sciences,CN,20,,,,gb,,,,,2,openalex,1989,2025,,,,
88,Philippe Michel,Philippe Michel,École Polytechnique Fédérale de Lausanne,CH,,,50,70,n2p1+tp,1,2,32,,,,1998,2015,,,,
89,Adrian Dudek,Adrian Dudek,University of Queensland,AU,,30,,,leg,7,10,18,,5,openalex,2014,2024,,,,
90,Olivier Ramaré,Olivier Ramare,Aix-Marseille University,FR,57,,,48,gb+tp,3,5,70,,15,openalex,1995,2024,,,,
91,J. P. Keating,J. P. Keating,University of Oxford,GB,,56,,68,leg+tp,4,4,126,,40,openalex,2006,2019,,,,
92,Vivian Kuperberg,Vivian Kuperberg,ETH Zurich,CH,,45,,,leg+tp,4,7,6,,3,openalex,2020,2025,,,,
93,Alex Kontorovich,Alex Kontorovich,Rutgers University,US,,,48,,n2p1+tp,4,7,61,,13,openalex,2005,2024,,,,
94,Karin Halupczok,Karin Halupczok,Heinrich Heine University Düsseldorf,DE,62,,66,,gb+n2p1,8,9,27,,5,openalex,2005,2022,,,,
95,Hugh C. Williams,Hugh C. Williams,University of Calgary,CA,,,45,,n2p1+tp,,,,,18,openalex,1988,2003,,,,
96,Liangyi Zhao,Liangyi Zhao,University of New South Wales,AU,,,31,,n2p1,,,,,14,openalex,2007,2013,,,,
97,Greg Martin,Greg Martin,University of British Columbia,CA,,84,68,,leg+n2p1,1,1,0,,16,openalex,1999,2020,,,,
98,Minggao Lu,Minggao Lu,Shanghai University,CN,,85,,100,gb+leg+tp,,4,57,,3,openalex,1965,2012,,,,
99,P. Moree,P. Moree,Max Planck Institute for Mathematics,DE,,81,72,,leg+n2p1,1,,,,20,openalex,2007,2019,,,,
100,Yingchun Cai,Yingchun Cai,Tongji University,CN,25,,,,gb,,,,,27,openalex,1998,2024,,,,
